vid,mean_latency,std_latency,90th_latency
v2,0.739789,0.088853,0.865221
v1,48.644800,232.202280,18.221092
