vid,mean_latency,std_latency,90th_latency
v2,0.795420,0.111085,0.915432
v1,15.567193,1.940963,16.321159
