vid,mean_latency,std_latency,90th_latency
v2,0.874194,0.140019,1.024151
v1,18.681132,2.317499,21.725297
