train,test
0.989900,0.992059
