train,test
0.991595,0.972888
