train,test
0.987256,0.986085
