train,test
0.989473,0.986772
