vid,mean_latency,std_latency,90th_latency
v2,0.736955,0.104241,0.852108
v1,15.954164,1.318584,16.827107
