hostname,avg_cpu(%),avg_iowait(%),avg_mem(%),avg_mem_systat(%),avg_nw(kB/sec)
node4,1.880853,0.093033,16.857419,96.595308,76.232796
node1,2.528957,0.375592,28.201303,91.204171,76.495498
