train,test
0.980402,0.985837
