train,test
0.993023,0.970778
