vid,mean_latency,std_latency,90th_latency
v3,0.462106,0.058378,0.518012
v2,261.214730,38.783799,300.052690
v1,18.302336,2.418101,20.405125
