vid,mean_latency,std_latency,90th_latency
v2,0.721722,0.101057,0.852203
v1,14.117942,1.424033,14.878321
