hostname,avg_cpu(%),avg_iowait(%),avg_mem(%),avg_mem_systat(%),avg_nw(kB/sec)
node4,2.343507,0.054597,16.798528,95.900095,75.495735
node1,2.516019,0.125403,28.041067,90.072844,75.449384
