vid,mean_latency,std_latency,90th_latency
v2,0.706759,0.089019,0.815225
v1,23.421956,1.852316,24.257040
