hostname,avg_cpu(%),avg_iowait(%),avg_mem(%),avg_mem_systat(%),avg_nw(kB/sec)
node4,1.863365,0.045829,16.804307,96.135592,75.300995
node1,2.586762,0.161714,28.205025,90.559905,76.288238
