vid,mean_latency,std_latency,90th_latency
v2,0.520271,0.068077,0.589180
v1,36.176857,3.338342,37.590957
