vid,mean_latency,std_latency,90th_latency
v2,0.739036,0.099196,0.860715
v1,14.388630,1.238287,15.207506
