hostname,avg_cpu(%),avg_iowait(%),avg_mem(%),avg_mem_systat(%),avg_nw(kB/sec)
node4,2.397583,0.052938,16.951370,96.461280,76.633223
node1,2.513649,0.096019,27.685709,87.896019,76.278436
