vid,mean_latency,std_latency,90th_latency
v2,0.709698,0.087581,0.812578
v1,23.260851,1.736199,24.301219
