vid,mean_latency,std_latency,90th_latency
v3,0.425622,0.111539,0.448775
v2,281.694065,15.184657,301.237536
v1,15.645398,1.060726,16.285730
