vid,mean_latency,std_latency,90th_latency
v2,0.823660,0.118124,0.938821
v1,15.532148,1.311723,16.300178
