hostname,avg_cpu(%),avg_iowait(%),avg_mem(%),avg_mem_systat(%),avg_nw(kB/sec)
node4,1.666524,0.058095,16.851537,96.640143,80.979238
node1,1.986810,0.128952,28.171852,90.523429,80.842905
