train,test
0.991469,0.987027
