vid,mean_latency,std_latency,90th_latency
v2,0.368065,0.041229,0.408840
v1,268.504784,19.049153,285.771656
