train,test
0.987235,0.985491
