vid,mean_latency,std_latency,90th_latency
v3,0.289159,0.036011,0.324750
v2,258.759981,17.844646,280.412150
v1,36.733797,3.237597,38.776159
