vid,mean_latency,std_latency,90th_latency
v2,0.863311,0.110585,0.987315
v1,18.153982,1.775256,19.727326
