hostname,avg_cpu(%),avg_iowait(%),avg_mem(%),avg_mem_systat(%),avg_nw(kB/sec)
node4,2.320476,0.086762,16.869175,96.889381,83.806524
node1,2.248483,0.129147,28.204325,90.870379,83.743223
