vid,mean_latency,std_latency,90th_latency
v3,0.854673,0.176316,0.977182
v2,268.082129,38.933927,306.729579
v1,18.506597,1.525336,19.452786
