hostname,avg_cpu(%),avg_iowait(%),avg_mem(%),avg_mem_systat(%),avg_nw(kB/sec)
node4,7.911754,0.071327,17.558836,96.277251,91.264076
node1,2.733175,0.991374,27.845610,87.076019,83.737583
node2,1.733270,0.078389,17.149366,94.976730,83.498673
