vid,mean_latency,std_latency,90th_latency
v3,0.807936,0.129917,0.941563
v2,287.190052,15.009464,306.127619
v1,15.301951,1.164760,15.939259
