hostname,avg_cpu(%),avg_iowait(%),avg_mem(%),avg_mem_systat(%),avg_nw(kB/sec)
node4,8.081745,0.044104,17.569627,96.098349,85.709198
node2,1.042075,0.052028,17.141604,94.735991,80.663679
