vid,mean_latency,std_latency,90th_latency
v2,0.524920,0.063786,0.582051
v1,36.495541,2.984845,37.922406
