hostname,avg_cpu(%),avg_iowait(%),avg_mem(%),avg_mem_systat(%),avg_nw(kB/sec)
node4,2.236209,0.054929,16.820775,96.378483,64.408626
node1,2.093828,0.700574,28.209916,90.857703,64.305024
