train,test
0.986793,0.986942
