vid,mean_latency,std_latency,90th_latency
v2,0.715079,0.102391,0.839352
v1,14.200702,1.764106,14.918471
