vid,mean_latency,std_latency,90th_latency
v2,0.699520,0.112655,0.809145
v1,277.508376,17.681251,298.391175
