hostname,avg_cpu(%),avg_iowait(%),avg_mem(%),avg_mem_systat(%),avg_nw(kB/sec)
node4,7.560190,0.059005,17.570920,96.170284,75.433649
node1,2.550711,0.166351,28.215726,90.630047,75.863128
