vid,mean_latency,std_latency,90th_latency
v2,0.744495,0.095689,0.848937
v1,14.328022,1.396658,15.213180
