vid,mean_latency,std_latency,90th_latency
v3,0.537157,0.073689,0.621557
v2,269.716779,15.903815,289.258862
v1,35.721264,1.881051,36.459827
