hostname,avg_cpu(%),avg_iowait(%),avg_mem(%),avg_mem_systat(%),avg_nw(kB/sec)
node4,7.406540,0.051659,17.566053,96.420190,53.461469
node1,2.532938,0.120995,28.092186,92.030427,65.197915
node2,1.601762,0.071190,17.116195,94.477619,64.819238
